epoch,step,loss,learning_rate
0,0,-0.09585317224264145,0.0
0,1,-0.09499753266572952,4e-08
0,2,-0.09176326543092728,8e-08
0,3,-0.09325622022151947,1.2e-07
