{"loss": 2.3013691902160645, "_timestamp": 1648738406, "_runtime": 10, "_step": 7, "epoch_loss": 9.100061416625977, "_wandb": {"runtime": 8}}