{"loss": 2.157388210296631, "_timestamp": 1648836947, "_runtime": 7, "_step": 7, "epoch_loss": 8.179542541503906, "_wandb": {"runtime": 6}}