{"loss": 1.9699572324752808, "_timestamp": 1648830601, "_runtime": 9, "_step": 5, "epoch_loss": 6.039457321166992, "_wandb": {"runtime": 7}}