epoch,batch,loss_prom,loss_ss,loss_polya,lr
0,0,0.5062850117683411,0.6398259997367859,0.742280900478363,0.0004
0,1,0.6666439175605774,0.7741284370422363,0.8043912649154663,0.0004
0,2,0.5398857593536377,0.7392103672027588,0.7946375608444214,0.0004
