{"loss": 2.0917389392852783, "_timestamp": 1648830330, "_runtime": 15, "_step": 5, "epoch_loss": 5.992191314697266, "_wandb": {"runtime": 11}}