{"loss": 2.406689167022705, "_timestamp": 1648738534, "_runtime": 8, "_step": 7, "epoch_loss": 9.179658889770508, "_wandb": {"runtime": 6}}