{"loss": 1.821774959564209, "_timestamp": 1648739087, "_runtime": 7, "_step": 7, "epoch_loss": 7.405294895172119, "_wandb": {"runtime": 6}}