{"loss": 2.0940074920654297, "_timestamp": 1648739036, "_runtime": 8, "_step": 5, "epoch_loss": 6.27120304107666, "_wandb": {"runtime": 7}}