epoch,step,loss,learning_rate
0,0,-0.09064685553312302,0.0004
0,1,-0.09088882803916931,0.00032
0,2,-0.09054494649171829,0.00024
0,3,-0.09117065370082855,0.00016
0,4,-0.0907202661037445,8e-05
