{"loss": 1.950796365737915, "_timestamp": 1648740559, "_runtime": 305, "_step": 153, "epoch_loss": 168.18218994140625, "_wandb": {"runtime": 320}}