{"loss": 1.9942818880081177, "_timestamp": 1648834814, "_runtime": 7, "_step": 7, "epoch_loss": 8.403153419494629, "_wandb": {"runtime": 7}}