{"loss": 2.1019411087036133, "_timestamp": 1648738985, "_runtime": 7, "_step": 1, "epoch_loss": 2.1019411087036133, "_wandb": {"runtime": 5}}